symbol,time,open,high,low,close,volume
SPY,2026-01-28 09:30:00-05:00,697.06,697.6,697.01,697.48,778490.0
SPY,2026-01-28 09:31:00-05:00,697.49,697.7,697.38,697.62,278356.0
SPY,2026-01-28 09:32:00-05:00,697.64,697.65,697.34,697.37,317402.0
SPY,2026-01-28 09:33:00-05:00,697.37,697.46,697.16,697.44,285293.0
SPY,2026-01-28 09:34:00-05:00,697.44,697.45,697.17,697.35,267370.0
SPY,2026-01-28 09:35:00-05:00,697.34,697.53,697.31,697.35,306386.0
SPY,2026-01-28 09:36:00-05:00,697.36,697.36,696.99,697.08,387050.0
SPY,2026-01-28 09:37:00-05:00,697.08,697.17,696.95,696.96,284129.0
SPY,2026-01-28 09:38:00-05:00,696.96,697.2,696.95,697.12,223374.0
SPY,2026-01-28 09:39:00-05:00,697.13,697.27,696.98,697.13,188011.0
SPY,2026-01-28 09:40:00-05:00,697.13,697.29,697.08,697.14,235160.0
SPY,2026-01-28 09:41:00-05:00,697.13,697.39,697.07,697.35,219210.0
SPY,2026-01-28 09:42:00-05:00,697.36,697.55,697.3,697.54,251331.0
SPY,2026-01-28 09:43:00-05:00,697.51,697.56,697.35,697.44,231176.0
SPY,2026-01-28 09:44:00-05:00,697.44,697.7,697.31,697.65,207519.0
SPY,2026-01-28 09:45:00-05:00,697.64,697.84,697.64,697.8,315000.0
SPY,2026-01-28 09:46:00-05:00,697.82,697.83,697.53,697.56,235288.0
SPY,2026-01-28 09:47:00-05:00,697.55,697.56,697.03,697.07,229297.0
SPY,2026-01-28 09:48:00-05:00,697.08,697.16,696.9,697.08,279555.0
SPY,2026-01-28 09:49:00-05:00,697.09,697.28,697.05,697.17,149570.0
SPY,2026-01-28 09:50:00-05:00,697.16,697.46,697.1,697.29,174964.0
SPY,2026-01-28 09:51:00-05:00,697.29,697.41,697.18,697.38,139050.0
SPY,2026-01-28 09:52:00-05:00,697.38,697.58,697.37,697.58,109380.0
SPY,2026-01-28 09:53:00-05:00,697.6,697.67,697.35,697.41,136323.0
SPY,2026-01-28 09:54:00-05:00,697.41,697.71,697.29,697.69,119649.0
SPY,2026-01-28 09:55:00-05:00,697.69,697.7,697.44,697.63,177720.0
SPY,2026-01-28 09:56:00-05:00,697.65,697.68,697.5,697.56,187434.0
SPY,2026-01-28 09:57:00-05:00,697.55,697.56,697.41,697.54,138024.0
SPY,2026-01-28 09:58:00-05:00,697.54,697.55,697.32,697.42,126616.0
SPY,2026-01-28 09:59:00-05:00,697.42,697.44,697.07,697.12,117245.0
SPY,2026-01-28 10:00:00-05:00,697.11,697.23,697.03,697.05,138945.0
SPY,2026-01-28 10:01:00-05:00,697.06,697.11,696.97,697.01,178897.0
SPY,2026-01-28 10:02:00-05:00,697.01,697.32,696.79,697.22,259387.0
SPY,2026-01-28 10:03:00-05:00,697.21,697.27,697.07,697.1,121416.0
SPY,2026-01-28 10:04:00-05:00,697.12,697.18,697.02,697.02,99190.0
SPY,2026-01-28 10:05:00-05:00,697.03,697.08,696.87,696.89,109353.0
SPY,2026-01-28 10:06:00-05:00,696.9,697.05,696.83,696.83,133540.0
SPY,2026-01-28 10:07:00-05:00,696.84,696.88,696.71,696.81,187470.0
SPY,2026-01-28 10:08:00-05:00,696.82,697.01,696.69,696.71,187022.0
SPY,2026-01-28 10:09:00-05:00,696.72,696.72,696.46,696.62,179241.0
SPY,2026-01-28 10:10:00-05:00,696.61,696.65,696.32,696.37,213940.0
SPY,2026-01-28 10:11:00-05:00,696.38,696.55,696.34,696.41,211961.0
SPY,2026-01-28 10:12:00-05:00,696.42,696.47,696.19,696.26,156599.0
SPY,2026-01-28 10:13:00-05:00,696.27,696.4,696.22,696.24,162874.0
SPY,2026-01-28 10:14:00-05:00,696.23,696.26,696.1,696.11,162685.0
SPY,2026-01-28 10:15:00-05:00,696.12,696.68,696.03,696.47,325654.0
SPY,2026-01-28 10:16:00-05:00,696.46,696.8,696.42,696.63,167454.0
SPY,2026-01-28 10:17:00-05:00,696.64,696.64,696.32,696.39,91387.0
SPY,2026-01-28 10:18:00-05:00,696.39,696.4,696.24,696.33,73712.0
SPY,2026-01-28 10:19:00-05:00,696.33,696.56,696.25,696.53,121217.0
SPY,2026-01-28 10:20:00-05:00,696.53,696.86,696.49,696.82,140133.0
SPY,2026-01-28 10:21:00-05:00,696.82,696.86,696.7,696.81,97360.0
SPY,2026-01-28 10:22:00-05:00,696.82,696.91,696.63,696.81,93547.0
SPY,2026-01-28 10:23:00-05:00,696.82,696.99,696.73,696.87,113758.0
SPY,2026-01-28 10:24:00-05:00,696.88,697.1,696.87,696.9,80876.0
SPY,2026-01-28 10:25:00-05:00,696.91,696.93,696.53,696.59,109941.0
SPY,2026-01-28 10:26:00-05:00,696.59,696.7,696.52,696.6,76374.0
SPY,2026-01-28 10:27:00-05:00,696.61,696.68,696.51,696.57,81127.0
SPY,2026-01-28 10:28:00-05:00,696.58,696.65,696.52,696.55,87593.0
SPY,2026-01-28 10:29:00-05:00,696.57,696.7,696.49,696.51,94146.0
SPY,2026-01-28 10:30:00-05:00,696.52,696.79,696.51,696.69,121556.0
SPY,2026-01-28 10:31:00-05:00,696.69,696.75,696.53,696.58,94019.0
SPY,2026-01-28 10:32:00-05:00,696.58,696.63,696.47,696.53,103255.0
SPY,2026-01-28 10:33:00-05:00,696.54,696.65,696.41,696.61,90659.0
SPY,2026-01-28 10:34:00-05:00,696.62,696.69,696.14,696.16,108834.0
SPY,2026-01-28 10:35:00-05:00,696.16,696.33,696.12,696.25,110245.0
SPY,2026-01-28 10:36:00-05:00,696.24,696.63,696.24,696.57,95794.0
SPY,2026-01-28 10:37:00-05:00,696.57,696.64,696.5,696.52,58915.0
SPY,2026-01-28 10:38:00-05:00,696.54,696.67,696.46,696.66,61618.0
SPY,2026-01-28 10:39:00-05:00,696.66,696.73,696.58,696.61,103257.0
SPY,2026-01-28 10:40:00-05:00,696.61,696.64,696.41,696.42,71787.0
SPY,2026-01-28 10:41:00-05:00,696.41,696.41,696.12,696.13,71076.0
SPY,2026-01-28 10:42:00-05:00,696.13,696.22,695.95,696.01,106191.0
SPY,2026-01-28 10:43:00-05:00,696.0,696.16,695.91,696.06,104584.0
SPY,2026-01-28 10:44:00-05:00,696.06,696.1,695.78,695.82,79247.0
SPY,2026-01-28 10:45:00-05:00,695.82,696.03,695.74,695.99,166112.0
SPY,2026-01-28 10:46:00-05:00,696.0,696.07,695.9,695.97,88226.0
SPY,2026-01-28 10:47:00-05:00,695.96,696.0,695.71,695.74,83293.0
SPY,2026-01-28 10:48:00-05:00,695.73,695.91,695.73,695.87,128990.0
SPY,2026-01-28 10:49:00-05:00,695.88,695.94,695.79,695.85,149069.0
SPY,2026-01-28 10:50:00-05:00,695.84,695.9,695.66,695.79,118203.0
SPY,2026-01-28 10:51:00-05:00,695.78,695.8,695.62,695.7,65828.0
SPY,2026-01-28 10:52:00-05:00,695.7,695.88,695.68,695.75,80021.0
SPY,2026-01-28 10:53:00-05:00,695.74,695.81,695.67,695.75,59174.0
SPY,2026-01-28 10:54:00-05:00,695.75,695.9,695.75,695.82,69789.0
SPY,2026-01-28 10:55:00-05:00,695.81,695.96,695.8,695.93,103731.0
SPY,2026-01-28 10:56:00-05:00,695.93,695.94,695.77,695.79,126580.0
SPY,2026-01-28 10:57:00-05:00,695.79,695.79,695.58,695.72,72773.0
SPY,2026-01-28 10:58:00-05:00,695.74,695.76,695.55,695.61,52748.0
SPY,2026-01-28 10:59:00-05:00,695.61,695.72,695.54,695.56,75816.0
SPY,2026-01-28 11:00:00-05:00,695.56,695.78,695.55,695.78,89041.0
SPY,2026-01-28 11:01:00-05:00,695.79,695.96,695.79,695.94,85987.0
SPY,2026-01-28 11:02:00-05:00,695.94,696.08,695.9,695.99,123724.0
SPY,2026-01-28 11:03:00-05:00,695.99,696.0,695.83,695.92,103302.0
SPY,2026-01-28 11:04:00-05:00,695.93,696.13,695.92,696.07,141533.0
SPY,2026-01-28 11:05:00-05:00,696.07,696.1,695.92,695.93,59665.0
SPY,2026-01-28 11:06:00-05:00,695.93,696.19,695.91,696.14,104785.0
SPY,2026-01-28 11:07:00-05:00,696.13,696.33,696.09,696.18,111504.0
SPY,2026-01-28 11:08:00-05:00,696.17,696.22,696.1,696.19,76462.0
SPY,2026-01-28 11:09:00-05:00,696.18,696.18,695.99,696.12,49415.0
SPY,2026-01-28 11:10:00-05:00,696.13,696.17,696.03,696.11,49230.0
SPY,2026-01-28 11:11:00-05:00,696.12,696.3,696.12,696.28,47632.0
SPY,2026-01-28 11:12:00-05:00,696.29,696.31,696.05,696.06,51538.0
SPY,2026-01-28 11:13:00-05:00,696.06,696.1,695.88,695.91,67867.0
SPY,2026-01-28 11:14:00-05:00,695.9,696.07,695.84,696.01,59309.0
SPY,2026-01-28 11:15:00-05:00,696.01,696.12,695.95,696.01,44184.0
SPY,2026-01-28 11:16:00-05:00,696.01,696.02,695.87,695.9,49092.0
SPY,2026-01-28 11:17:00-05:00,695.91,695.97,695.84,695.94,33731.0
SPY,2026-01-28 11:18:00-05:00,695.96,695.97,695.87,695.93,51750.0
SPY,2026-01-28 11:19:00-05:00,695.93,696.0,695.72,695.73,112397.0
SPY,2026-01-28 11:20:00-05:00,695.74,695.89,695.7,695.82,54681.0
SPY,2026-01-28 11:21:00-05:00,695.82,695.82,695.62,695.62,58900.0
SPY,2026-01-28 11:22:00-05:00,695.61,695.64,695.52,695.59,159898.0
SPY,2026-01-28 11:23:00-05:00,695.59,695.62,695.45,695.57,117094.0
SPY,2026-01-28 11:24:00-05:00,695.55,695.79,695.5,695.78,80960.0
SPY,2026-01-28 11:25:00-05:00,695.77,695.79,695.68,695.69,103117.0
SPY,2026-01-28 11:26:00-05:00,695.7,695.83,695.64,695.73,76762.0
SPY,2026-01-28 11:27:00-05:00,695.74,695.94,695.68,695.9,52885.0
SPY,2026-01-28 11:28:00-05:00,695.91,695.99,695.84,695.95,66949.0
SPY,2026-01-28 11:29:00-05:00,695.99,696.15,695.93,696.12,104349.0
SPY,2026-01-28 11:30:00-05:00,696.12,696.12,695.74,695.74,102066.0
SPY,2026-01-28 11:31:00-05:00,695.73,695.79,695.34,695.39,122113.0
SPY,2026-01-28 11:32:00-05:00,695.39,695.59,695.35,695.51,89900.0
SPY,2026-01-28 11:33:00-05:00,695.51,695.69,695.49,695.53,105738.0
SPY,2026-01-28 11:34:00-05:00,695.52,695.58,695.33,695.38,124633.0
SPY,2026-01-28 11:35:00-05:00,695.39,695.52,695.37,695.42,86394.0
SPY,2026-01-28 11:36:00-05:00,695.42,695.45,695.22,695.26,105027.0
SPY,2026-01-28 11:37:00-05:00,695.27,695.49,695.27,695.46,104279.0
SPY,2026-01-28 11:38:00-05:00,695.46,695.5,695.36,695.38,43251.0
SPY,2026-01-28 11:39:00-05:00,695.39,695.45,695.31,695.37,44073.0
SPY,2026-01-28 11:40:00-05:00,695.36,695.38,695.17,695.22,59602.0
SPY,2026-01-28 11:41:00-05:00,695.22,695.3,695.13,695.16,81345.0
SPY,2026-01-28 11:42:00-05:00,695.16,695.19,694.9,694.93,141743.0
SPY,2026-01-28 11:43:00-05:00,694.92,695.12,694.88,694.95,125683.0
SPY,2026-01-28 11:44:00-05:00,694.95,694.99,694.78,694.85,89829.0
SPY,2026-01-28 11:45:00-05:00,694.85,695.07,694.83,694.97,121596.0
SPY,2026-01-28 11:46:00-05:00,694.96,695.1,694.91,695.05,127040.0
SPY,2026-01-28 11:47:00-05:00,695.05,695.18,694.95,695.0,90895.0
SPY,2026-01-28 11:48:00-05:00,695.0,695.05,694.91,695.04,136555.0
SPY,2026-01-28 11:49:00-05:00,695.05,695.16,695.04,695.08,109488.0
SPY,2026-01-28 11:50:00-05:00,695.09,695.1,694.98,695.07,84101.0
SPY,2026-01-28 11:51:00-05:00,695.08,695.1,694.58,694.63,93234.0
SPY,2026-01-28 11:52:00-05:00,694.63,694.7,694.56,694.59,98583.0
SPY,2026-01-28 11:53:00-05:00,694.6,694.73,694.54,694.62,119040.0
SPY,2026-01-28 11:54:00-05:00,694.61,694.64,694.49,694.6,159591.0
SPY,2026-01-28 11:55:00-05:00,694.61,694.72,694.57,694.67,107725.0
SPY,2026-01-28 11:56:00-05:00,694.67,694.83,694.62,694.76,145927.0
SPY,2026-01-28 11:57:00-05:00,694.76,694.84,694.66,694.8,100243.0
SPY,2026-01-28 11:58:00-05:00,694.79,694.97,694.77,694.83,99933.0
SPY,2026-01-28 11:59:00-05:00,694.83,694.85,694.68,694.72,60711.0
SPY,2026-01-28 12:00:00-05:00,694.72,694.87,694.69,694.84,101599.0
SPY,2026-01-28 12:01:00-05:00,694.85,695.03,694.85,694.86,83862.0
SPY,2026-01-28 12:02:00-05:00,694.87,695.07,694.85,695.06,86669.0
SPY,2026-01-28 12:03:00-05:00,695.07,695.15,695.01,695.12,104658.0
SPY,2026-01-28 12:04:00-05:00,695.13,695.22,695.06,695.06,85119.0
SPY,2026-01-28 12:05:00-05:00,695.06,695.11,694.97,694.98,57416.0
SPY,2026-01-28 12:06:00-05:00,694.98,695.05,694.77,695.04,89157.0
SPY,2026-01-28 12:07:00-05:00,695.04,695.11,695.02,695.05,57718.0
SPY,2026-01-28 12:08:00-05:00,695.05,695.21,695.05,695.07,65386.0
SPY,2026-01-28 12:09:00-05:00,695.06,695.12,694.96,695.05,69396.0
SPY,2026-01-28 12:10:00-05:00,695.06,695.25,695.04,695.19,60642.0
SPY,2026-01-28 12:11:00-05:00,695.19,695.36,695.15,695.31,141014.0
SPY,2026-01-28 12:12:00-05:00,695.3,695.41,695.25,695.38,65571.0
SPY,2026-01-28 12:13:00-05:00,695.39,695.52,695.38,695.42,93955.0
SPY,2026-01-28 12:14:00-05:00,695.42,695.46,695.36,695.46,53686.0
SPY,2026-01-28 12:15:00-05:00,695.46,695.51,695.24,695.27,97089.0
SPY,2026-01-28 12:16:00-05:00,695.26,695.36,695.23,695.32,63217.0
SPY,2026-01-28 12:17:00-05:00,695.32,695.4,695.22,695.37,63733.0
SPY,2026-01-28 12:18:00-05:00,695.37,695.58,695.35,695.55,96787.0
SPY,2026-01-28 12:19:00-05:00,695.56,695.62,695.49,695.6,138458.0
SPY,2026-01-28 12:20:00-05:00,695.58,695.68,695.53,695.59,65268.0
SPY,2026-01-28 12:21:00-05:00,695.58,695.67,695.43,695.46,90142.0
SPY,2026-01-28 12:22:00-05:00,695.45,695.46,695.14,695.17,84509.0
SPY,2026-01-28 12:23:00-05:00,695.17,695.2,694.92,695.0,79435.0
SPY,2026-01-28 12:24:00-05:00,694.99,695.02,694.85,694.87,47220.0
SPY,2026-01-28 12:25:00-05:00,694.86,694.9,694.72,694.81,104382.0
SPY,2026-01-28 12:26:00-05:00,694.85,694.92,694.78,694.78,61485.0
SPY,2026-01-28 12:27:00-05:00,694.78,694.86,694.71,694.71,31782.0
SPY,2026-01-28 12:28:00-05:00,694.7,694.84,694.68,694.81,47833.0
SPY,2026-01-28 12:29:00-05:00,694.83,694.9,694.81,694.86,55852.0
SPY,2026-01-28 12:30:00-05:00,694.84,694.84,694.72,694.74,43231.0
SPY,2026-01-28 12:31:00-05:00,694.74,694.79,694.6,694.64,75245.0
SPY,2026-01-28 12:32:00-05:00,694.65,694.74,694.6,694.71,47738.0
SPY,2026-01-28 12:33:00-05:00,694.71,694.72,694.52,694.54,54961.0
SPY,2026-01-28 12:34:00-05:00,694.54,694.64,694.53,694.56,49879.0
SPY,2026-01-28 12:35:00-05:00,694.57,694.74,694.57,694.73,69999.0
SPY,2026-01-28 12:36:00-05:00,694.72,694.75,694.63,694.63,54036.0
SPY,2026-01-28 12:37:00-05:00,694.64,694.82,694.63,694.76,72176.0
SPY,2026-01-28 12:38:00-05:00,694.76,694.77,694.6,694.6,52198.0
SPY,2026-01-28 12:39:00-05:00,694.61,694.72,694.58,694.68,62507.0
SPY,2026-01-28 12:40:00-05:00,694.67,694.84,694.52,694.74,196897.0
SPY,2026-01-28 12:41:00-05:00,694.74,694.78,694.61,694.74,39823.0
SPY,2026-01-28 12:42:00-05:00,694.73,694.82,694.72,694.8,52675.0
SPY,2026-01-28 12:43:00-05:00,694.79,695.0,694.79,694.92,91388.0
SPY,2026-01-28 12:44:00-05:00,694.91,694.99,694.85,694.86,37497.0
SPY,2026-01-28 12:45:00-05:00,694.84,694.88,694.74,694.77,67662.0
SPY,2026-01-28 12:46:00-05:00,694.77,694.87,694.7,694.87,79256.0
SPY,2026-01-28 12:47:00-05:00,694.86,695.1,694.85,695.07,72268.0
SPY,2026-01-28 12:48:00-05:00,695.05,695.06,694.84,694.9,74722.0
SPY,2026-01-28 12:49:00-05:00,694.9,694.99,694.86,694.95,33928.0
SPY,2026-01-28 12:50:00-05:00,694.94,695.09,694.92,695.05,40104.0
SPY,2026-01-28 12:51:00-05:00,695.04,695.14,695.04,695.06,36659.0
SPY,2026-01-28 12:52:00-05:00,695.07,695.09,694.97,695.08,79858.0
SPY,2026-01-28 12:53:00-05:00,695.09,695.33,695.09,695.33,73458.0
SPY,2026-01-28 12:54:00-05:00,695.33,695.41,695.28,695.41,83033.0
SPY,2026-01-28 12:55:00-05:00,695.41,695.44,695.27,695.34,72311.0
SPY,2026-01-28 12:56:00-05:00,695.34,695.36,695.15,695.21,51491.0
SPY,2026-01-28 12:57:00-05:00,695.19,695.26,695.12,695.17,28495.0
SPY,2026-01-28 12:58:00-05:00,695.2,695.24,695.12,695.13,36548.0
SPY,2026-01-28 12:59:00-05:00,695.13,695.17,694.82,694.85,114415.0
SPY,2026-01-28 13:00:00-05:00,694.84,694.9,694.69,694.84,75729.0
SPY,2026-01-28 13:01:00-05:00,694.86,694.89,694.56,694.63,81966.0
SPY,2026-01-28 13:02:00-05:00,694.63,694.78,694.58,694.69,80435.0
SPY,2026-01-28 13:03:00-05:00,694.7,694.9,694.7,694.87,60648.0
SPY,2026-01-28 13:04:00-05:00,694.87,695.07,694.84,695.04,42876.0
SPY,2026-01-28 13:05:00-05:00,695.05,695.18,695.0,695.15,58976.0
SPY,2026-01-28 13:06:00-05:00,695.16,695.26,695.14,695.16,54536.0
SPY,2026-01-28 13:07:00-05:00,695.17,695.18,695.06,695.14,44846.0
SPY,2026-01-28 13:08:00-05:00,695.13,695.19,695.02,695.07,35596.0
SPY,2026-01-28 13:09:00-05:00,695.05,695.15,695.05,695.09,31424.0
SPY,2026-01-28 13:10:00-05:00,695.08,695.11,694.93,694.94,57294.0
SPY,2026-01-28 13:11:00-05:00,694.94,694.94,694.81,694.87,60143.0
SPY,2026-01-28 13:12:00-05:00,694.86,695.11,694.86,695.09,46873.0
SPY,2026-01-28 13:13:00-05:00,695.09,695.17,695.08,695.15,57248.0
SPY,2026-01-28 13:14:00-05:00,695.13,695.2,695.13,695.18,40335.0
SPY,2026-01-28 13:15:00-05:00,695.18,695.2,695.11,695.17,38596.0
SPY,2026-01-28 13:16:00-05:00,695.16,695.36,695.16,695.32,73009.0
SPY,2026-01-28 13:17:00-05:00,695.31,695.34,695.23,695.26,22022.0
SPY,2026-01-28 13:18:00-05:00,695.24,695.34,695.24,695.25,29012.0
SPY,2026-01-28 13:19:00-05:00,695.25,695.33,695.19,695.32,30869.0
SPY,2026-01-28 13:20:00-05:00,695.32,695.43,695.29,695.37,52740.0
SPY,2026-01-28 13:21:00-05:00,695.39,695.43,695.35,695.37,27359.0
SPY,2026-01-28 13:22:00-05:00,695.37,695.41,695.22,695.24,39312.0
SPY,2026-01-28 13:23:00-05:00,695.24,695.31,695.21,695.23,34542.0
SPY,2026-01-28 13:24:00-05:00,695.24,695.28,695.18,695.26,42536.0
SPY,2026-01-28 13:25:00-05:00,695.25,695.26,695.08,695.11,69809.0
SPY,2026-01-28 13:26:00-05:00,695.11,695.21,695.09,695.18,52443.0
SPY,2026-01-28 13:27:00-05:00,695.18,695.3,695.17,695.22,55762.0
SPY,2026-01-28 13:28:00-05:00,695.22,695.26,695.16,695.19,34449.0
SPY,2026-01-28 13:29:00-05:00,695.2,695.25,695.15,695.15,21935.0
SPY,2026-01-28 13:30:00-05:00,695.16,695.28,695.16,695.2,45871.0
SPY,2026-01-28 13:31:00-05:00,695.2,695.27,695.16,695.16,43204.0
SPY,2026-01-28 13:32:00-05:00,695.16,695.16,695.01,695.09,51304.0
SPY,2026-01-28 13:33:00-05:00,695.07,695.22,695.05,695.17,44058.0
SPY,2026-01-28 13:34:00-05:00,695.16,695.19,695.05,695.05,26036.0
SPY,2026-01-28 13:35:00-05:00,695.04,695.18,695.0,695.18,38342.0
SPY,2026-01-28 13:36:00-05:00,695.17,695.27,695.15,695.17,30611.0
SPY,2026-01-28 13:37:00-05:00,695.17,695.31,695.08,695.09,34294.0
SPY,2026-01-28 13:38:00-05:00,695.09,695.1,694.95,694.97,36695.0
SPY,2026-01-28 13:39:00-05:00,694.96,694.99,694.89,694.89,45459.0
SPY,2026-01-28 13:40:00-05:00,694.9,695.0,694.88,694.98,41664.0
SPY,2026-01-28 13:41:00-05:00,694.98,695.18,694.97,695.09,43317.0
SPY,2026-01-28 13:42:00-05:00,695.09,695.12,695.04,695.05,54081.0
SPY,2026-01-28 13:43:00-05:00,695.05,695.07,694.95,695.04,44943.0
SPY,2026-01-28 13:44:00-05:00,695.05,695.1,694.98,695.0,23414.0
SPY,2026-01-28 13:45:00-05:00,695.01,695.04,694.87,694.91,52577.0
SPY,2026-01-28 13:46:00-05:00,694.91,694.96,694.82,694.84,45887.0
SPY,2026-01-28 13:47:00-05:00,694.85,694.97,694.83,694.83,39341.0
SPY,2026-01-28 13:48:00-05:00,694.83,694.93,694.76,694.92,58390.0
SPY,2026-01-28 13:49:00-05:00,694.92,694.99,694.89,694.91,43166.0
SPY,2026-01-28 13:50:00-05:00,694.91,695.14,694.86,695.14,68622.0
SPY,2026-01-28 13:51:00-05:00,695.15,695.17,695.05,695.07,55664.0
SPY,2026-01-28 13:52:00-05:00,695.07,695.1,694.99,695.03,58201.0
SPY,2026-01-28 13:53:00-05:00,695.03,695.03,694.86,694.86,57492.0
SPY,2026-01-28 13:54:00-05:00,694.86,695.06,694.86,694.97,67116.0
SPY,2026-01-28 13:55:00-05:00,694.98,694.98,694.89,694.95,71608.0
SPY,2026-01-28 13:56:00-05:00,694.94,695.05,694.89,694.96,40237.0
SPY,2026-01-28 13:57:00-05:00,694.95,695.06,694.91,695.02,50239.0
SPY,2026-01-28 13:58:00-05:00,695.02,695.16,695.02,695.15,80973.0
SPY,2026-01-28 13:59:00-05:00,695.16,695.22,695.04,695.11,94965.0
SPY,2026-01-28 14:00:00-05:00,695.09,695.65,694.85,695.44,158248.0
SPY,2026-01-28 14:01:00-05:00,695.45,695.53,694.77,694.77,134387.0
SPY,2026-01-28 14:02:00-05:00,694.77,694.78,694.04,694.41,345090.0
SPY,2026-01-28 14:03:00-05:00,694.4,694.69,694.3,694.55,245983.0
SPY,2026-01-28 14:04:00-05:00,694.58,695.1,694.54,694.99,225742.0
SPY,2026-01-28 14:05:00-05:00,694.97,695.14,694.67,694.71,125871.0
SPY,2026-01-28 14:06:00-05:00,694.73,695.0,694.72,694.83,73216.0
SPY,2026-01-28 14:07:00-05:00,694.86,695.03,694.82,694.98,69767.0
SPY,2026-01-28 14:08:00-05:00,694.98,695.27,694.95,695.12,88586.0
SPY,2026-01-28 14:09:00-05:00,695.11,695.27,695.05,695.07,61137.0
SPY,2026-01-28 14:10:00-05:00,695.06,695.19,694.89,695.06,65663.0
SPY,2026-01-28 14:11:00-05:00,695.08,695.26,694.89,695.26,105247.0
SPY,2026-01-28 14:12:00-05:00,695.26,695.33,695.16,695.19,119192.0
SPY,2026-01-28 14:13:00-05:00,695.18,695.18,694.85,694.87,71550.0
SPY,2026-01-28 14:14:00-05:00,694.87,695.04,694.81,694.92,67207.0
SPY,2026-01-28 14:15:00-05:00,694.91,694.98,694.69,694.87,88410.0
SPY,2026-01-28 14:16:00-05:00,694.87,694.92,694.7,694.83,120966.0
SPY,2026-01-28 14:17:00-05:00,694.84,694.89,694.69,694.76,32982.0
SPY,2026-01-28 14:18:00-05:00,694.79,694.8,694.58,694.72,65899.0
SPY,2026-01-28 14:19:00-05:00,694.73,695.07,694.72,694.98,65851.0
SPY,2026-01-28 14:20:00-05:00,694.97,695.02,694.72,694.83,54115.0
SPY,2026-01-28 14:21:00-05:00,694.83,694.86,694.57,694.6,64600.0
SPY,2026-01-28 14:22:00-05:00,694.59,694.9,694.55,694.83,111027.0
SPY,2026-01-28 14:23:00-05:00,694.84,695.1,694.82,695.1,56857.0
SPY,2026-01-28 14:24:00-05:00,695.1,695.31,695.04,695.22,51600.0
SPY,2026-01-28 14:25:00-05:00,695.23,695.25,695.11,695.18,92034.0
SPY,2026-01-28 14:26:00-05:00,695.17,695.36,695.15,695.24,56807.0
SPY,2026-01-28 14:27:00-05:00,695.23,695.23,695.04,695.14,30842.0
SPY,2026-01-28 14:28:00-05:00,695.13,695.22,695.04,695.21,39574.0
SPY,2026-01-28 14:29:00-05:00,695.21,695.26,694.13,694.18,281794.0
SPY,2026-01-28 14:30:00-05:00,694.18,695.53,693.94,695.52,731691.0
SPY,2026-01-28 14:31:00-05:00,695.52,696.07,695.26,695.32,590555.0
SPY,2026-01-28 14:32:00-05:00,695.35,695.6,694.92,695.58,248657.0
SPY,2026-01-28 14:33:00-05:00,695.58,695.61,694.89,695.09,280801.0
SPY,2026-01-28 14:34:00-05:00,695.09,695.23,694.58,695.1,428889.0
SPY,2026-01-28 14:35:00-05:00,695.09,695.52,695.06,695.09,251501.0
SPY,2026-01-28 14:36:00-05:00,695.11,695.3,695.02,695.16,142899.0
SPY,2026-01-28 14:37:00-05:00,695.14,695.27,694.8,695.05,234703.0
SPY,2026-01-28 14:38:00-05:00,695.02,695.17,694.86,695.0,133586.0
SPY,2026-01-28 14:39:00-05:00,695.0,695.06,694.67,694.69,103638.0
SPY,2026-01-28 14:40:00-05:00,694.71,694.78,694.27,694.61,202300.0
SPY,2026-01-28 14:41:00-05:00,694.62,694.85,694.17,694.78,224615.0
SPY,2026-01-28 14:42:00-05:00,694.77,694.95,694.66,694.77,136348.0
SPY,2026-01-28 14:43:00-05:00,694.8,694.89,694.46,694.51,113149.0
SPY,2026-01-28 14:44:00-05:00,694.51,694.82,694.5,694.69,111332.0
SPY,2026-01-28 14:45:00-05:00,694.68,695.08,694.55,695.01,122952.0
SPY,2026-01-28 14:46:00-05:00,695.01,695.23,694.77,695.02,128310.0
SPY,2026-01-28 14:47:00-05:00,695.01,695.35,695.01,695.18,187588.0
SPY,2026-01-28 14:48:00-05:00,695.19,695.72,695.16,695.68,143997.0
SPY,2026-01-28 14:49:00-05:00,695.69,695.73,695.41,695.44,129937.0
SPY,2026-01-28 14:50:00-05:00,695.43,695.51,695.28,695.36,100119.0
SPY,2026-01-28 14:51:00-05:00,695.35,695.49,695.18,695.44,106570.0
SPY,2026-01-28 14:52:00-05:00,695.44,695.81,695.44,695.59,108011.0
SPY,2026-01-28 14:53:00-05:00,695.61,695.61,695.39,695.45,90387.0
SPY,2026-01-28 14:54:00-05:00,695.45,695.84,695.42,695.67,110509.0
SPY,2026-01-28 14:55:00-05:00,695.66,695.7,695.42,695.48,64421.0
SPY,2026-01-28 14:56:00-05:00,695.48,695.48,695.22,695.23,88820.0
SPY,2026-01-28 14:57:00-05:00,695.24,695.29,695.05,695.22,76561.0
SPY,2026-01-28 14:58:00-05:00,695.25,695.46,695.17,695.35,100602.0
SPY,2026-01-28 14:59:00-05:00,695.36,695.48,694.87,694.91,104476.0
SPY,2026-01-28 15:00:00-05:00,694.91,695.32,694.78,695.31,103693.0
SPY,2026-01-28 15:01:00-05:00,695.32,695.59,695.3,695.48,97562.0
SPY,2026-01-28 15:02:00-05:00,695.48,695.68,695.46,695.54,84048.0
SPY,2026-01-28 15:03:00-05:00,695.54,695.64,695.46,695.48,65060.0
SPY,2026-01-28 15:04:00-05:00,695.47,695.64,695.35,695.52,74788.0
SPY,2026-01-28 15:05:00-05:00,695.52,695.62,695.48,695.58,65108.0
SPY,2026-01-28 15:06:00-05:00,695.59,695.71,695.53,695.66,87810.0
SPY,2026-01-28 15:07:00-05:00,695.66,695.88,695.61,695.67,123580.0
SPY,2026-01-28 15:08:00-05:00,695.68,695.8,695.63,695.68,89870.0
SPY,2026-01-28 15:09:00-05:00,695.67,696.01,695.62,695.94,139957.0
SPY,2026-01-28 15:10:00-05:00,695.95,696.09,695.87,696.06,139568.0
SPY,2026-01-28 15:11:00-05:00,696.07,696.19,695.92,695.93,157810.0
SPY,2026-01-28 15:12:00-05:00,695.93,696.03,695.84,695.93,133488.0
SPY,2026-01-28 15:13:00-05:00,695.93,696.0,695.86,695.92,107652.0
SPY,2026-01-28 15:14:00-05:00,695.92,695.94,695.74,695.79,86027.0
SPY,2026-01-28 15:15:00-05:00,695.77,695.82,695.53,695.77,109561.0
SPY,2026-01-28 15:16:00-05:00,695.77,695.85,695.67,695.72,80354.0
SPY,2026-01-28 15:17:00-05:00,695.72,695.94,695.58,695.84,189508.0
SPY,2026-01-28 15:18:00-05:00,695.85,695.88,695.74,695.87,93123.0
SPY,2026-01-28 15:19:00-05:00,695.87,695.97,695.86,695.92,45052.0
SPY,2026-01-28 15:20:00-05:00,695.93,696.06,695.75,695.78,125430.0
SPY,2026-01-28 15:21:00-05:00,695.78,696.05,695.76,696.01,80430.0
SPY,2026-01-28 15:22:00-05:00,696.02,696.21,696.0,696.17,157630.0
SPY,2026-01-28 15:23:00-05:00,696.18,696.18,696.06,696.08,80026.0
SPY,2026-01-28 15:24:00-05:00,696.09,696.29,696.09,696.11,61235.0
SPY,2026-01-28 15:25:00-05:00,696.1,696.11,695.67,695.68,134770.0
SPY,2026-01-28 15:26:00-05:00,695.69,695.78,695.52,695.52,131056.0
SPY,2026-01-28 15:27:00-05:00,695.52,695.71,695.51,695.66,113035.0
SPY,2026-01-28 15:28:00-05:00,695.65,695.72,695.61,695.63,86577.0
SPY,2026-01-28 15:29:00-05:00,695.64,695.65,695.41,695.45,117782.0
SPY,2026-01-28 15:30:00-05:00,695.44,695.59,695.41,695.53,133307.0
SPY,2026-01-28 15:31:00-05:00,695.53,695.54,695.28,695.36,185724.0
SPY,2026-01-28 15:32:00-05:00,695.35,695.43,695.29,695.43,125722.0
SPY,2026-01-28 15:33:00-05:00,695.43,695.48,695.3,695.33,63479.0
SPY,2026-01-28 15:34:00-05:00,695.31,695.37,695.12,695.12,187156.0
SPY,2026-01-28 15:35:00-05:00,695.12,695.54,695.08,695.52,192162.0
SPY,2026-01-28 15:36:00-05:00,695.51,695.63,695.4,695.47,153560.0
SPY,2026-01-28 15:37:00-05:00,695.49,695.67,695.42,695.47,148368.0
SPY,2026-01-28 15:38:00-05:00,695.46,695.47,695.2,695.27,157099.0
SPY,2026-01-28 15:39:00-05:00,695.28,695.54,695.21,695.52,90485.0
SPY,2026-01-28 15:40:00-05:00,695.53,695.57,695.37,695.39,118877.0
SPY,2026-01-28 15:41:00-05:00,695.38,695.43,695.23,695.3,219326.0
SPY,2026-01-28 15:42:00-05:00,695.3,695.32,695.1,695.25,203150.0
SPY,2026-01-28 15:43:00-05:00,695.25,695.33,695.13,695.2,95702.0
SPY,2026-01-28 15:44:00-05:00,695.2,695.22,695.12,695.15,111336.0
SPY,2026-01-28 15:45:00-05:00,695.15,695.3,695.07,695.24,186731.0
SPY,2026-01-28 15:46:00-05:00,695.24,695.31,695.15,695.2,81494.0
SPY,2026-01-28 15:47:00-05:00,695.2,695.41,695.12,695.32,221554.0
SPY,2026-01-28 15:48:00-05:00,695.33,695.46,695.3,695.32,155478.0
SPY,2026-01-28 15:49:00-05:00,695.32,695.52,694.97,695.01,379094.0
SPY,2026-01-28 15:50:00-05:00,695.01,695.58,694.75,695.57,516883.0
SPY,2026-01-28 15:51:00-05:00,695.56,695.71,695.54,695.66,255337.0
SPY,2026-01-28 15:52:00-05:00,695.67,695.76,695.5,695.72,433150.0
SPY,2026-01-28 15:53:00-05:00,695.72,695.92,695.71,695.87,212603.0
SPY,2026-01-28 15:54:00-05:00,695.87,695.96,695.72,695.75,353769.0
SPY,2026-01-28 15:55:00-05:00,695.76,696.03,695.63,695.99,435826.0
SPY,2026-01-28 15:56:00-05:00,695.99,696.05,695.84,695.84,336193.0
SPY,2026-01-28 15:57:00-05:00,695.84,696.01,695.83,695.92,334015.0
SPY,2026-01-28 15:58:00-05:00,695.92,696.0,695.76,696.0,535759.0
SPY,2026-01-28 15:59:00-05:00,695.99,696.14,695.09,695.42,1441913.0
SPX,2026-01-28 08:30:00-06:00,7002.0,7002.28,6996.6,6998.4,0.0
SPX,2026-01-28 08:31:00-06:00,6998.56,7001.19,6997.96,7001.19,0.0
SPX,2026-01-28 08:32:00-06:00,7001.14,7001.54,6998.79,6998.79,0.0
SPX,2026-01-28 08:33:00-06:00,6999.08,6999.08,6996.52,6998.06,0.0
SPX,2026-01-28 08:34:00-06:00,6998.4,6998.4,6996.29,6997.95,0.0
SPX,2026-01-28 08:35:00-06:00,6997.83,6999.73,6997.03,6998.48,0.0
SPX,2026-01-28 08:36:00-06:00,6998.2,6998.2,6994.86,6994.86,0.0
SPX,2026-01-28 08:37:00-06:00,6994.91,6996.24,6994.22,6994.48,0.0
SPX,2026-01-28 08:38:00-06:00,6994.24,6996.77,6994.24,6995.53,0.0
SPX,2026-01-28 08:39:00-06:00,6995.87,6996.62,6994.62,6995.37,0.0
SPX,2026-01-28 08:40:00-06:00,6995.7,6997.53,6995.5,6996.07,0.0
SPX,2026-01-28 08:41:00-06:00,6996.14,6997.88,6995.66,6997.72,0.0
SPX,2026-01-28 08:42:00-06:00,6997.95,6999.75,6997.61,6999.75,0.0
SPX,2026-01-28 08:43:00-06:00,6999.7,6999.81,6998.01,6998.74,0.0
SPX,2026-01-28 08:44:00-06:00,6998.81,7000.48,6997.39,7000.48,0.0
SPX,2026-01-28 08:45:00-06:00,7000.57,7002.24,7000.57,7001.46,0.0
SPX,2026-01-28 08:46:00-06:00,7002.09,7002.25,6999.03,6999.03,0.0
SPX,2026-01-28 08:47:00-06:00,6999.17,6999.17,6993.98,6994.55,0.0
SPX,2026-01-28 08:48:00-06:00,6994.72,6995.64,6993.73,6994.76,0.0
SPX,2026-01-28 08:49:00-06:00,6994.92,6996.78,6994.73,6995.53,0.0
SPX,2026-01-28 08:50:00-06:00,6995.72,6998.69,6995.54,6996.84,0.0
SPX,2026-01-28 08:51:00-06:00,6996.97,6998.24,6996.17,6997.57,0.0
SPX,2026-01-28 08:52:00-06:00,6997.54,6999.56,6997.52,6999.51,0.0
SPX,2026-01-28 08:53:00-06:00,6999.72,7000.09,6997.75,6997.86,0.0
SPX,2026-01-28 08:54:00-06:00,6998.01,7000.91,6997.22,7000.47,0.0
SPX,2026-01-28 08:55:00-06:00,7000.75,7000.75,6998.38,7000.19,0.0
SPX,2026-01-28 08:56:00-06:00,7000.22,7000.92,6999.24,6999.6,0.0
SPX,2026-01-28 08:57:00-06:00,6999.72,6999.72,6997.9,6999.31,0.0
SPX,2026-01-28 08:58:00-06:00,6999.42,6999.43,6997.22,6998.23,0.0
SPX,2026-01-28 08:59:00-06:00,6998.0,6998.0,6994.21,6994.43,0.0
SPX,2026-01-28 09:00:00-06:00,6994.7,6995.76,6994.05,6994.12,0.0
SPX,2026-01-28 09:01:00-06:00,6994.02,6994.58,6993.09,6993.58,0.0
SPX,2026-01-28 09:02:00-06:00,6993.66,6996.36,6991.82,6995.71,0.0
SPX,2026-01-28 09:03:00-06:00,6995.79,6996.48,6994.45,6994.73,0.0
SPX,2026-01-28 09:04:00-06:00,6994.75,6995.62,6994.75,6994.82,0.0
SPX,2026-01-28 09:05:00-06:00,6994.47,6994.69,6992.63,6992.63,0.0
SPX,2026-01-28 09:06:00-06:00,6992.44,6994.2,6991.96,6992.49,0.0
SPX,2026-01-28 09:07:00-06:00,6992.27,6992.29,6991.08,6992.06,0.0
SPX,2026-01-28 09:08:00-06:00,6991.78,6993.39,6990.86,6990.86,0.0
SPX,2026-01-28 09:09:00-06:00,6990.84,6991.03,6988.34,6989.94,0.0
SPX,2026-01-28 09:10:00-06:00,6990.13,6990.13,6986.99,6987.42,0.0
SPX,2026-01-28 09:11:00-06:00,6987.65,6988.13,6987.08,6987.35,0.0
SPX,2026-01-28 09:12:00-06:00,6987.25,6987.57,6985.48,6985.48,0.0
SPX,2026-01-28 09:13:00-06:00,6985.52,6987.19,6985.52,6985.6,0.0
SPX,2026-01-28 09:14:00-06:00,6985.63,6985.77,6984.55,6984.77,0.0
SPX,2026-01-28 09:15:00-06:00,6984.76,6989.67,6983.75,6988.11,0.0
SPX,2026-01-28 09:16:00-06:00,6988.02,6991.02,6987.67,6989.92,0.0
SPX,2026-01-28 09:17:00-06:00,6990.02,6990.02,6986.97,6987.34,0.0
SPX,2026-01-28 09:18:00-06:00,6987.36,6987.36,6985.9,6986.81,0.0
SPX,2026-01-28 09:19:00-06:00,6986.72,6988.9,6986.34,6988.85,0.0
SPX,2026-01-28 09:20:00-06:00,6988.82,6991.59,6988.72,6991.59,0.0
SPX,2026-01-28 09:21:00-06:00,6991.69,6992.17,6991.06,6991.61,0.0
SPX,2026-01-28 09:22:00-06:00,6991.69,6992.1,6990.02,6991.47,0.0
SPX,2026-01-28 09:23:00-06:00,6991.39,6993.2,6990.94,6992.07,0.0
SPX,2026-01-28 09:24:00-06:00,6991.99,6994.21,6991.98,6992.43,0.0
SPX,2026-01-28 09:25:00-06:00,6992.37,6992.6,6989.11,6989.43,0.0
SPX,2026-01-28 09:26:00-06:00,6989.6,6990.4,6988.95,6989.56,0.0
SPX,2026-01-28 09:27:00-06:00,6989.3,6990.1,6988.87,6989.2,0.0
SPX,2026-01-28 09:28:00-06:00,6989.11,6989.59,6988.77,6989.19,0.0
SPX,2026-01-28 09:29:00-06:00,6989.11,6990.19,6988.95,6988.98,0.0
SPX,2026-01-28 09:30:00-06:00,6988.99,6991.12,6988.99,6990.21,0.0
SPX,2026-01-28 09:31:00-06:00,6990.3,6991.25,6989.23,6989.4,0.0
SPX,2026-01-28 09:32:00-06:00,6989.42,6989.58,6988.33,6989.11,0.0
SPX,2026-01-28 09:33:00-06:00,6989.2,6989.63,6987.93,6989.63,0.0
SPX,2026-01-28 09:34:00-06:00,6989.53,6989.82,6985.16,6985.16,0.0
SPX,2026-01-28 09:35:00-06:00,6985.18,6986.71,6984.98,6986.32,0.0
SPX,2026-01-28 09:36:00-06:00,6986.12,6990.08,6986.12,6989.98,0.0
SPX,2026-01-28 09:37:00-06:00,6989.78,6990.25,6989.02,6989.21,0.0
SPX,2026-01-28 09:38:00-06:00,6989.12,6990.34,6988.78,6990.29,0.0
SPX,2026-01-28 09:39:00-06:00,6990.37,6991.0,6989.89,6990.0,0.0
SPX,2026-01-28 09:40:00-06:00,6990.06,6990.31,6988.7,6988.7,0.0
SPX,2026-01-28 09:41:00-06:00,6988.38,6988.38,6985.04,6985.04,0.0
SPX,2026-01-28 09:42:00-06:00,6985.14,6985.52,6983.38,6983.56,0.0
SPX,2026-01-28 09:43:00-06:00,6983.49,6985.21,6982.72,6984.36,0.0
SPX,2026-01-28 09:44:00-06:00,6984.27,6984.42,6981.46,6981.96,0.0
SPX,2026-01-28 09:45:00-06:00,6981.83,6983.7,6981.13,6983.4,0.0
SPX,2026-01-28 09:46:00-06:00,6983.49,6984.23,6982.81,6983.25,0.0
SPX,2026-01-28 09:47:00-06:00,6983.2,6983.2,6980.78,6980.79,0.0
SPX,2026-01-28 09:48:00-06:00,6980.59,6982.33,6980.59,6981.94,0.0
SPX,2026-01-28 09:49:00-06:00,6982.02,6982.76,6981.77,6982.05,0.0
SPX,2026-01-28 09:50:00-06:00,6982.19,6982.43,6980.93,6981.4,0.0
SPX,2026-01-28 09:51:00-06:00,6981.53,6981.66,6979.99,6980.89,0.0
SPX,2026-01-28 09:52:00-06:00,6980.82,6982.43,6980.65,6981.55,0.0
SPX,2026-01-28 09:53:00-06:00,6981.45,6981.45,6980.74,6981.04,0.0
SPX,2026-01-28 09:54:00-06:00,6981.06,6982.25,6981.06,6981.48,0.0
SPX,2026-01-28 09:55:00-06:00,6981.63,6982.6,6981.34,6982.28,0.0
SPX,2026-01-28 09:56:00-06:00,6982.2,6982.2,6981.04,6981.05,0.0
SPX,2026-01-28 09:57:00-06:00,6980.97,6981.05,6979.3,6980.32,0.0
SPX,2026-01-28 09:58:00-06:00,6980.42,6980.63,6978.67,6979.06,0.0
SPX,2026-01-28 09:59:00-06:00,6979.07,6980.26,6978.69,6978.69,0.0
SPX,2026-01-28 10:00:00-06:00,6978.8,6981.03,6978.8,6980.74,0.0
SPX,2026-01-28 10:01:00-06:00,6981.03,6982.77,6981.03,6982.62,0.0
SPX,2026-01-28 10:02:00-06:00,6982.64,6983.91,6982.45,6983.17,0.0
SPX,2026-01-28 10:03:00-06:00,6983.12,6983.16,6981.97,6982.63,0.0
SPX,2026-01-28 10:04:00-06:00,6982.6,6984.4,6982.6,6984.08,0.0
SPX,2026-01-28 10:05:00-06:00,6984.15,6984.15,6982.7,6982.79,0.0
SPX,2026-01-28 10:06:00-06:00,6982.71,6985.32,6982.55,6984.85,0.0
SPX,2026-01-28 10:07:00-06:00,6984.77,6986.35,6984.56,6985.45,0.0
SPX,2026-01-28 10:08:00-06:00,6985.26,6985.53,6984.41,6985.23,0.0
SPX,2026-01-28 10:09:00-06:00,6985.18,6985.4,6983.76,6984.48,0.0
SPX,2026-01-28 10:10:00-06:00,6984.58,6984.9,6984.03,6984.32,0.0
SPX,2026-01-28 10:11:00-06:00,6984.39,6986.36,6984.39,6986.36,0.0
SPX,2026-01-28 10:12:00-06:00,6986.23,6986.46,6984.35,6984.35,0.0
SPX,2026-01-28 10:13:00-06:00,6984.44,6984.59,6982.76,6983.1,0.0
SPX,2026-01-28 10:14:00-06:00,6983.01,6984.0,6982.4,6983.79,0.0
SPX,2026-01-28 10:15:00-06:00,6983.88,6984.45,6983.51,6983.87,0.0
SPX,2026-01-28 10:16:00-06:00,6983.72,6983.72,6982.1,6982.26,0.0
SPX,2026-01-28 10:17:00-06:00,6982.35,6982.78,6982.01,6982.28,0.0
SPX,2026-01-28 10:18:00-06:00,6982.57,6983.18,6982.32,6982.94,0.0
SPX,2026-01-28 10:19:00-06:00,6982.86,6983.19,6981.12,6981.12,0.0
SPX,2026-01-28 10:20:00-06:00,6981.13,6982.07,6980.86,6981.6,0.0
SPX,2026-01-28 10:21:00-06:00,6981.55,6981.55,6979.81,6979.81,0.0
SPX,2026-01-28 10:22:00-06:00,6979.65,6979.77,6978.39,6978.74,0.0
SPX,2026-01-28 10:23:00-06:00,6978.81,6979.03,6978.23,6978.93,0.0
SPX,2026-01-28 10:24:00-06:00,6978.82,6980.55,6978.29,6980.55,0.0
SPX,2026-01-28 10:25:00-06:00,6980.51,6980.9,6979.7,6980.16,0.0
SPX,2026-01-28 10:26:00-06:00,6979.96,6981.45,6979.72,6980.56,0.0
SPX,2026-01-28 10:27:00-06:00,6980.61,6982.25,6980.12,6982.18,0.0
SPX,2026-01-28 10:28:00-06:00,6982.11,6982.84,6981.61,6982.51,0.0
SPX,2026-01-28 10:29:00-06:00,6982.57,6984.62,6982.49,6984.31,0.0
SPX,2026-01-28 10:30:00-06:00,6985.27,6985.27,6980.86,6980.88,0.0
SPX,2026-01-28 10:31:00-06:00,6980.75,6980.79,6976.89,6976.97,0.0
SPX,2026-01-28 10:32:00-06:00,6977.08,6978.65,6976.98,6978.58,0.0
SPX,2026-01-28 10:33:00-06:00,6978.43,6980.07,6978.2,6978.44,0.0
SPX,2026-01-28 10:34:00-06:00,6978.37,6978.51,6976.91,6976.96,0.0
SPX,2026-01-28 10:35:00-06:00,6976.84,6978.06,6976.84,6977.13,0.0
SPX,2026-01-28 10:36:00-06:00,6977.17,6977.3,6975.51,6975.82,0.0
SPX,2026-01-28 10:37:00-06:00,6975.8,6977.59,6975.8,6977.42,0.0
SPX,2026-01-28 10:38:00-06:00,6977.51,6977.81,6976.94,6977.0,0.0
SPX,2026-01-28 10:39:00-06:00,6976.91,6977.13,6976.27,6976.96,0.0
SPX,2026-01-28 10:40:00-06:00,6977.01,6977.01,6975.09,6975.09,0.0
SPX,2026-01-28 10:41:00-06:00,6975.1,6975.69,6974.41,6974.5,0.0
SPX,2026-01-28 10:42:00-06:00,6974.37,6974.72,6971.92,6971.92,0.0
SPX,2026-01-28 10:43:00-06:00,6971.93,6973.88,6971.85,6972.7,0.0
SPX,2026-01-28 10:44:00-06:00,6972.49,6972.53,6970.97,6971.25,0.0
SPX,2026-01-28 10:45:00-06:00,6971.3,6972.97,6971.11,6972.29,0.0
SPX,2026-01-28 10:46:00-06:00,6972.32,6973.63,6972.01,6973.38,0.0
SPX,2026-01-28 10:47:00-06:00,6973.35,6974.39,6972.5,6972.51,0.0
SPX,2026-01-28 10:48:00-06:00,6972.47,6972.79,6971.98,6972.68,0.0
SPX,2026-01-28 10:49:00-06:00,6972.97,6974.4,6972.97,6973.68,0.0
SPX,2026-01-28 10:50:00-06:00,6973.76,6973.88,6972.94,6973.78,0.0
SPX,2026-01-28 10:51:00-06:00,6973.67,6973.69,6968.72,6968.89,0.0
SPX,2026-01-28 10:52:00-06:00,6969.02,6969.65,6968.68,6968.89,0.0
SPX,2026-01-28 10:53:00-06:00,6968.77,6969.77,6968.31,6969.26,0.0
SPX,2026-01-28 10:54:00-06:00,6969.17,6969.54,6968.23,6969.14,0.0
SPX,2026-01-28 10:55:00-06:00,6969.17,6969.83,6968.57,6969.4,0.0
SPX,2026-01-28 10:56:00-06:00,6969.48,6970.58,6969.13,6970.36,0.0
SPX,2026-01-28 10:57:00-06:00,6970.37,6971.14,6969.47,6971.0,0.0
SPX,2026-01-28 10:58:00-06:00,6971.02,6972.01,6970.54,6971.06,0.0
SPX,2026-01-28 10:59:00-06:00,6971.05,6971.11,6969.89,6970.06,0.0
SPX,2026-01-28 11:00:00-06:00,6970.14,6971.33,6969.89,6971.24,0.0
SPX,2026-01-28 11:01:00-06:00,6971.14,6972.89,6971.14,6971.69,0.0
SPX,2026-01-28 11:02:00-06:00,6971.51,6973.41,6971.47,6973.41,0.0
SPX,2026-01-28 11:03:00-06:00,6973.53,6974.1,6972.93,6973.93,0.0
SPX,2026-01-28 11:04:00-06:00,6973.99,6974.77,6973.87,6973.87,0.0
SPX,2026-01-28 11:05:00-06:00,6973.82,6973.94,6973.11,6973.44,0.0
SPX,2026-01-28 11:06:00-06:00,6973.37,6973.37,6971.32,6973.04,0.0
SPX,2026-01-28 11:07:00-06:00,6973.11,6974.37,6973.11,6973.66,0.0
SPX,2026-01-28 11:08:00-06:00,6973.65,6975.01,6973.65,6974.03,0.0
SPX,2026-01-28 11:09:00-06:00,6973.94,6974.11,6973.01,6973.45,0.0
SPX,2026-01-28 11:10:00-06:00,6973.46,6975.25,6973.46,6975.03,0.0
SPX,2026-01-28 11:11:00-06:00,6974.96,6976.76,6974.87,6976.43,0.0
SPX,2026-01-28 11:12:00-06:00,6976.39,6976.93,6975.89,6976.76,0.0
SPX,2026-01-28 11:13:00-06:00,6976.81,6977.97,6976.81,6977.38,0.0
SPX,2026-01-28 11:14:00-06:00,6977.39,6977.83,6976.74,6977.83,0.0
SPX,2026-01-28 11:15:00-06:00,6977.81,6978.01,6975.7,6975.7,0.0
SPX,2026-01-28 11:16:00-06:00,6975.88,6976.6,6975.38,6976.34,0.0
SPX,2026-01-28 11:17:00-06:00,6976.38,6977.04,6975.6,6977.03,0.0
SPX,2026-01-28 11:18:00-06:00,6976.87,6979.0,6976.85,6978.64,0.0
SPX,2026-01-28 11:19:00-06:00,6978.59,6979.05,6978.16,6979.05,0.0
SPX,2026-01-28 11:20:00-06:00,6979.15,6979.65,6978.79,6978.84,0.0
SPX,2026-01-28 11:21:00-06:00,6978.94,6979.5,6978.16,6978.16,0.0
SPX,2026-01-28 11:22:00-06:00,6978.0,6978.0,6974.91,6974.92,0.0
SPX,2026-01-28 11:23:00-06:00,6974.95,6975.02,6972.72,6972.72,0.0
SPX,2026-01-28 11:24:00-06:00,6972.81,6973.09,6971.51,6971.7,0.0
SPX,2026-01-28 11:25:00-06:00,6971.54,6971.75,6969.92,6971.37,0.0
SPX,2026-01-28 11:26:00-06:00,6971.49,6972.1,6971.1,6971.14,0.0
SPX,2026-01-28 11:27:00-06:00,6971.05,6971.13,6970.46,6970.46,0.0
SPX,2026-01-28 11:28:00-06:00,6970.22,6971.12,6970.04,6971.02,0.0
SPX,2026-01-28 11:29:00-06:00,6971.05,6971.98,6971.05,6971.79,0.0
SPX,2026-01-28 11:30:00-06:00,6971.78,6971.78,6970.33,6970.48,0.0
SPX,2026-01-28 11:31:00-06:00,6970.4,6970.81,6969.34,6969.37,0.0
SPX,2026-01-28 11:32:00-06:00,6969.71,6970.26,6969.2,6970.12,0.0
SPX,2026-01-28 11:33:00-06:00,6970.05,6970.05,6968.57,6968.74,0.0
SPX,2026-01-28 11:34:00-06:00,6968.71,6969.22,6968.44,6968.58,0.0
SPX,2026-01-28 11:35:00-06:00,6968.57,6970.39,6968.57,6969.98,0.0
SPX,2026-01-28 11:36:00-06:00,6970.03,6970.45,6969.57,6969.84,0.0
SPX,2026-01-28 11:37:00-06:00,6969.71,6970.83,6969.51,6970.63,0.0
SPX,2026-01-28 11:38:00-06:00,6970.67,6970.75,6969.11,6969.23,0.0
SPX,2026-01-28 11:39:00-06:00,6969.16,6970.35,6968.91,6969.86,0.0
SPX,2026-01-28 11:40:00-06:00,6969.9,6971.21,6969.36,6970.7,0.0
SPX,2026-01-28 11:41:00-06:00,6970.74,6970.81,6969.33,6970.7,0.0
SPX,2026-01-28 11:42:00-06:00,6970.55,6970.96,6970.35,6970.96,0.0
SPX,2026-01-28 11:43:00-06:00,6970.99,6972.99,6970.93,6972.47,0.0
SPX,2026-01-28 11:44:00-06:00,6972.48,6972.87,6972.01,6972.01,0.0
SPX,2026-01-28 11:45:00-06:00,6971.98,6972.01,6970.68,6970.81,0.0
SPX,2026-01-28 11:46:00-06:00,6970.78,6971.74,6970.29,6971.7,0.0
SPX,2026-01-28 11:47:00-06:00,6971.85,6973.92,6971.85,6973.83,0.0
SPX,2026-01-28 11:48:00-06:00,6973.82,6973.82,6971.68,6972.11,0.0
SPX,2026-01-28 11:49:00-06:00,6972.12,6972.75,6971.81,6972.57,0.0
SPX,2026-01-28 11:50:00-06:00,6972.53,6973.86,6972.41,6973.25,0.0
SPX,2026-01-28 11:51:00-06:00,6973.29,6974.11,6973.27,6973.74,0.0
SPX,2026-01-28 11:52:00-06:00,6973.8,6973.8,6972.83,6973.74,0.0
SPX,2026-01-28 11:53:00-06:00,6973.7,6976.54,6973.7,6976.46,0.0
SPX,2026-01-28 11:54:00-06:00,6976.63,6977.48,6976.21,6977.19,0.0
SPX,2026-01-28 11:55:00-06:00,6977.2,6977.45,6976.2,6976.76,0.0
SPX,2026-01-28 11:56:00-06:00,6976.71,6976.76,6974.96,6975.08,0.0
SPX,2026-01-28 11:57:00-06:00,6975.22,6975.74,6974.64,6975.35,0.0
SPX,2026-01-28 11:58:00-06:00,6975.39,6975.72,6974.68,6974.8,0.0
SPX,2026-01-28 11:59:00-06:00,6974.7,6975.04,6971.57,6971.65,0.0
SPX,2026-01-28 12:00:00-06:00,6971.71,6972.27,6970.75,6971.99,0.0
SPX,2026-01-28 12:01:00-06:00,6971.89,6972.38,6969.04,6969.11,0.0
SPX,2026-01-28 12:02:00-06:00,6969.24,6970.7,6969.05,6970.1,0.0
SPX,2026-01-28 12:03:00-06:00,6970.13,6972.44,6970.13,6972.15,0.0
SPX,2026-01-28 12:04:00-06:00,6972.2,6974.22,6972.19,6974.04,0.0
SPX,2026-01-28 12:05:00-06:00,6974.12,6975.1,6973.79,6974.93,0.0
SPX,2026-01-28 12:06:00-06:00,6974.92,6975.8,6974.91,6975.12,0.0
SPX,2026-01-28 12:07:00-06:00,6975.11,6975.38,6974.09,6974.8,0.0
SPX,2026-01-28 12:08:00-06:00,6974.74,6975.07,6973.75,6974.22,0.0
SPX,2026-01-28 12:09:00-06:00,6974.12,6974.57,6973.91,6974.05,0.0
SPX,2026-01-28 12:10:00-06:00,6974.06,6974.19,6972.46,6972.51,0.0
SPX,2026-01-28 12:11:00-06:00,6972.38,6972.38,6971.42,6971.99,0.0
SPX,2026-01-28 12:12:00-06:00,6971.81,6974.23,6971.81,6974.16,0.0
SPX,2026-01-28 12:13:00-06:00,6974.23,6974.9,6974.02,6974.83,0.0
SPX,2026-01-28 12:14:00-06:00,6974.77,6975.25,6974.53,6974.86,0.0
SPX,2026-01-28 12:15:00-06:00,6974.93,6974.94,6974.56,6974.89,0.0
SPX,2026-01-28 12:16:00-06:00,6974.75,6976.51,6974.75,6976.23,0.0
SPX,2026-01-28 12:17:00-06:00,6976.21,6976.4,6975.65,6975.78,0.0
SPX,2026-01-28 12:18:00-06:00,6975.76,6976.6,6975.74,6976.01,0.0
SPX,2026-01-28 12:19:00-06:00,6975.95,6976.3,6975.46,6976.24,0.0
SPX,2026-01-28 12:20:00-06:00,6976.21,6977.27,6976.21,6976.9,0.0
SPX,2026-01-28 12:21:00-06:00,6976.94,6977.6,6976.84,6977.07,0.0
SPX,2026-01-28 12:22:00-06:00,6977.19,6977.26,6975.76,6975.76,0.0
SPX,2026-01-28 12:23:00-06:00,6975.82,6976.34,6975.62,6975.78,0.0
SPX,2026-01-28 12:24:00-06:00,6975.75,6975.95,6975.32,6975.82,0.0
SPX,2026-01-28 12:25:00-06:00,6975.84,6975.85,6974.13,6974.14,0.0
SPX,2026-01-28 12:26:00-06:00,6974.19,6975.03,6974.02,6975.03,0.0
SPX,2026-01-28 12:27:00-06:00,6974.98,6975.89,6974.97,6975.48,0.0
SPX,2026-01-28 12:28:00-06:00,6975.56,6976.03,6975.03,6975.13,0.0
SPX,2026-01-28 12:29:00-06:00,6975.14,6975.53,6974.74,6974.83,0.0
SPX,2026-01-28 12:30:00-06:00,6974.81,6975.84,6974.73,6975.45,0.0
SPX,2026-01-28 12:31:00-06:00,6975.57,6975.78,6975.07,6975.09,0.0
SPX,2026-01-28 12:32:00-06:00,6975.02,6975.02,6973.54,6974.12,0.0
SPX,2026-01-28 12:33:00-06:00,6974.06,6975.26,6974.03,6975.18,0.0
SPX,2026-01-28 12:34:00-06:00,6975.21,6975.35,6974.29,6974.37,0.0
SPX,2026-01-28 12:35:00-06:00,6974.26,6975.07,6973.62,6975.02,0.0
SPX,2026-01-28 12:36:00-06:00,6975.13,6975.74,6974.88,6975.05,0.0
SPX,2026-01-28 12:37:00-06:00,6974.93,6976.36,6974.37,6974.43,0.0
SPX,2026-01-28 12:38:00-06:00,6974.44,6974.44,6972.84,6972.84,0.0
SPX,2026-01-28 12:39:00-06:00,6972.81,6972.9,6972.33,6972.53,0.0
SPX,2026-01-28 12:40:00-06:00,6972.29,6973.02,6972.05,6972.95,0.0
SPX,2026-01-28 12:41:00-06:00,6973.01,6974.69,6973.0,6974.33,0.0
SPX,2026-01-28 12:42:00-06:00,6974.18,6974.25,6973.65,6973.75,0.0
SPX,2026-01-28 12:43:00-06:00,6973.69,6973.91,6972.66,6973.63,0.0
SPX,2026-01-28 12:44:00-06:00,6973.61,6974.2,6973.28,6973.39,0.0
SPX,2026-01-28 12:45:00-06:00,6973.34,6973.63,6972.03,6972.25,0.0
SPX,2026-01-28 12:46:00-06:00,6972.21,6972.59,6971.81,6971.86,0.0
SPX,2026-01-28 12:47:00-06:00,6971.89,6972.73,6971.8,6971.8,0.0
SPX,2026-01-28 12:48:00-06:00,6971.78,6972.47,6971.05,6972.47,0.0
SPX,2026-01-28 12:49:00-06:00,6972.44,6973.09,6972.36,6972.55,0.0
SPX,2026-01-28 12:50:00-06:00,6972.57,6974.44,6972.22,6974.42,0.0
SPX,2026-01-28 12:51:00-06:00,6974.51,6974.98,6974.12,6974.3,0.0
SPX,2026-01-28 12:52:00-06:00,6974.27,6974.4,6973.54,6973.78,0.0
SPX,2026-01-28 12:53:00-06:00,6973.77,6973.87,6972.28,6972.28,0.0
SPX,2026-01-28 12:54:00-06:00,6972.26,6973.99,6972.26,6973.63,0.0
SPX,2026-01-28 12:55:00-06:00,6973.49,6973.49,6972.15,6972.6,0.0
SPX,2026-01-28 12:56:00-06:00,6972.49,6973.52,6972.27,6973.23,0.0
SPX,2026-01-28 12:57:00-06:00,6973.15,6973.6,6972.78,6973.38,0.0
SPX,2026-01-28 12:58:00-06:00,6973.36,6974.38,6973.36,6974.38,0.0
SPX,2026-01-28 12:59:00-06:00,6974.4,6974.74,6973.81,6973.88,0.0
SPX,2026-01-28 13:00:00-06:00,6973.87,6979.18,6972.19,6977.85,0.0
SPX,2026-01-28 13:01:00-06:00,6977.66,6978.13,6971.64,6971.82,0.0
SPX,2026-01-28 13:02:00-06:00,6971.62,6971.62,6964.69,6967.74,0.0
SPX,2026-01-28 13:03:00-06:00,6967.76,6969.87,6966.99,6968.25,0.0
SPX,2026-01-28 13:04:00-06:00,6968.61,6973.92,6968.61,6973.34,0.0
SPX,2026-01-28 13:05:00-06:00,6973.27,6974.36,6970.59,6971.19,0.0
SPX,2026-01-28 13:06:00-06:00,6970.8,6973.15,6970.68,6972.05,0.0
SPX,2026-01-28 13:07:00-06:00,6972.09,6973.47,6971.92,6972.71,0.0
SPX,2026-01-28 13:08:00-06:00,6972.91,6975.57,6972.76,6974.48,0.0
SPX,2026-01-28 13:09:00-06:00,6974.46,6975.58,6974.21,6974.27,0.0
SPX,2026-01-28 13:10:00-06:00,6974.22,6975.07,6972.6,6974.8,0.0
SPX,2026-01-28 13:11:00-06:00,6974.52,6975.86,6972.6,6975.86,0.0
SPX,2026-01-28 13:12:00-06:00,6975.88,6976.83,6975.67,6975.67,0.0
SPX,2026-01-28 13:13:00-06:00,6975.68,6975.68,6972.27,6972.27,0.0
SPX,2026-01-28 13:14:00-06:00,6972.28,6973.66,6972.14,6972.91,0.0
SPX,2026-01-28 13:15:00-06:00,6972.82,6973.0,6970.9,6972.54,0.0
SPX,2026-01-28 13:16:00-06:00,6972.39,6972.66,6971.22,6972.03,0.0
SPX,2026-01-28 13:17:00-06:00,6972.04,6972.35,6970.99,6971.32,0.0
SPX,2026-01-28 13:18:00-06:00,6971.3,6971.43,6969.81,6970.74,0.0
SPX,2026-01-28 13:19:00-06:00,6970.66,6973.99,6970.66,6973.28,0.0
SPX,2026-01-28 13:20:00-06:00,6973.31,6973.55,6971.04,6971.41,0.0
SPX,2026-01-28 13:21:00-06:00,6971.47,6971.66,6969.46,6969.53,0.0
SPX,2026-01-28 13:22:00-06:00,6969.48,6971.95,6969.3,6971.62,0.0
SPX,2026-01-28 13:23:00-06:00,6971.46,6974.25,6971.45,6974.25,0.0
SPX,2026-01-28 13:24:00-06:00,6974.33,6976.2,6973.95,6975.55,0.0
SPX,2026-01-28 13:25:00-06:00,6975.57,6975.82,6974.91,6975.01,0.0
SPX,2026-01-28 13:26:00-06:00,6975.11,6976.82,6975.1,6975.84,0.0
SPX,2026-01-28 13:27:00-06:00,6975.91,6976.06,6974.21,6974.64,0.0
SPX,2026-01-28 13:28:00-06:00,6974.6,6975.47,6974.17,6975.43,0.0
SPX,2026-01-28 13:29:00-06:00,6975.45,6975.74,6964.22,6964.43,0.0
SPX,2026-01-28 13:30:00-06:00,6964.44,6978.39,6963.46,6978.39,0.0
SPX,2026-01-28 13:31:00-06:00,6978.62,6983.62,6976.41,6977.07,0.0
SPX,2026-01-28 13:32:00-06:00,6976.9,6979.09,6973.06,6978.75,0.0
SPX,2026-01-28 13:33:00-06:00,6979.03,6979.43,6972.49,6973.39,0.0
SPX,2026-01-28 13:34:00-06:00,6973.84,6974.11,6969.5,6974.08,0.0
SPX,2026-01-28 13:35:00-06:00,6974.2,6977.84,6974.2,6975.26,0.0
SPX,2026-01-28 13:36:00-06:00,6974.95,6976.3,6974.33,6975.1,0.0
SPX,2026-01-28 13:37:00-06:00,6975.04,6975.2,6972.11,6973.78,0.0
SPX,2026-01-28 13:38:00-06:00,6973.8,6974.8,6972.5,6973.47,0.0
SPX,2026-01-28 13:39:00-06:00,6973.5,6973.66,6970.71,6970.71,0.0
SPX,2026-01-28 13:40:00-06:00,6970.72,6970.72,6966.96,6968.92,0.0
SPX,2026-01-28 13:41:00-06:00,6969.09,6971.05,6965.71,6970.98,0.0
SPX,2026-01-28 13:42:00-06:00,6970.92,6972.08,6970.41,6970.81,0.0
SPX,2026-01-28 13:43:00-06:00,6971.07,6971.88,6968.35,6968.65,0.0
SPX,2026-01-28 13:44:00-06:00,6968.54,6971.21,6968.54,6970.32,0.0
SPX,2026-01-28 13:45:00-06:00,6970.21,6973.31,6969.34,6972.95,0.0
SPX,2026-01-28 13:46:00-06:00,6973.13,6975.01,6971.52,6973.12,0.0
SPX,2026-01-28 13:47:00-06:00,6973.2,6975.94,6973.2,6974.91,0.0
SPX,2026-01-28 13:48:00-06:00,6975.04,6979.75,6974.91,6979.43,0.0
SPX,2026-01-28 13:49:00-06:00,6979.63,6980.31,6977.93,6977.93,0.0
SPX,2026-01-28 13:50:00-06:00,6977.96,6978.37,6976.84,6976.96,0.0
SPX,2026-01-28 13:51:00-06:00,6977.0,6977.63,6975.58,6977.59,0.0
SPX,2026-01-28 13:52:00-06:00,6977.67,6981.08,6977.67,6979.5,0.0
SPX,2026-01-28 13:53:00-06:00,6979.34,6979.34,6977.52,6978.18,0.0
SPX,2026-01-28 13:54:00-06:00,6978.16,6981.07,6977.72,6980.11,0.0
SPX,2026-01-28 13:55:00-06:00,6979.93,6979.93,6977.98,6978.13,0.0
SPX,2026-01-28 13:56:00-06:00,6978.03,6978.03,6975.85,6975.97,0.0
SPX,2026-01-28 13:57:00-06:00,6975.84,6975.91,6974.07,6975.44,0.0
SPX,2026-01-28 13:58:00-06:00,6975.58,6977.72,6975.25,6976.81,0.0
SPX,2026-01-28 13:59:00-06:00,6976.84,6977.64,6971.88,6971.88,0.0
SPX,2026-01-28 14:00:00-06:00,6971.93,6975.69,6971.45,6975.52,0.0
SPX,2026-01-28 14:01:00-06:00,6975.72,6978.85,6975.72,6977.95,0.0
SPX,2026-01-28 14:02:00-06:00,6978.01,6979.67,6978.01,6978.37,0.0
SPX,2026-01-28 14:03:00-06:00,6978.47,6979.38,6978.16,6978.16,0.0
SPX,2026-01-28 14:04:00-06:00,6978.1,6979.47,6976.93,6978.27,0.0
SPX,2026-01-28 14:05:00-06:00,6978.38,6979.19,6978.21,6978.76,0.0
SPX,2026-01-28 14:06:00-06:00,6979.07,6980.07,6978.86,6979.6,0.0
SPX,2026-01-28 14:07:00-06:00,6979.59,6981.49,6979.59,6980.1,0.0
SPX,2026-01-28 14:08:00-06:00,6980.01,6980.79,6979.62,6979.93,0.0
SPX,2026-01-28 14:09:00-06:00,6979.99,6983.21,6979.66,6983.04,0.0
SPX,2026-01-28 14:10:00-06:00,6982.96,6984.01,6982.44,6983.95,0.0
SPX,2026-01-28 14:11:00-06:00,6983.9,6985.3,6983.17,6983.32,0.0
SPX,2026-01-28 14:12:00-06:00,6983.08,6983.73,6982.3,6983.0,0.0
SPX,2026-01-28 14:13:00-06:00,6982.85,6983.2,6982.08,6982.19,0.0
SPX,2026-01-28 14:14:00-06:00,6982.24,6982.46,6980.91,6980.94,0.0
SPX,2026-01-28 14:15:00-06:00,6981.03,6981.03,6978.92,6980.93,0.0
SPX,2026-01-28 14:16:00-06:00,6980.82,6981.39,6979.96,6980.0,0.0
SPX,2026-01-28 14:17:00-06:00,6980.08,6981.97,6979.08,6981.14,0.0
SPX,2026-01-28 14:18:00-06:00,6981.19,6981.49,6980.58,6981.49,0.0
SPX,2026-01-28 14:19:00-06:00,6981.53,6982.38,6981.53,6981.98,0.0
SPX,2026-01-28 14:20:00-06:00,6982.12,6983.52,6980.75,6980.87,0.0
SPX,2026-01-28 14:21:00-06:00,6980.91,6983.37,6980.83,6983.2,0.0
SPX,2026-01-28 14:22:00-06:00,6983.22,6985.1,6983.21,6984.88,0.0
SPX,2026-01-28 14:23:00-06:00,6984.84,6984.84,6983.61,6983.84,0.0
SPX,2026-01-28 14:24:00-06:00,6983.91,6985.54,6983.91,6984.1,0.0
SPX,2026-01-28 14:25:00-06:00,6984.21,6984.21,6980.03,6980.03,0.0
SPX,2026-01-28 14:26:00-06:00,6980.0,6980.77,6978.68,6978.68,0.0
SPX,2026-01-28 14:27:00-06:00,6978.65,6980.16,6978.61,6979.96,0.0
SPX,2026-01-28 14:28:00-06:00,6979.92,6980.25,6979.43,6979.44,0.0
SPX,2026-01-28 14:29:00-06:00,6979.5,6979.65,6977.61,6977.68,0.0
SPX,2026-01-28 14:30:00-06:00,6977.57,6979.04,6977.37,6978.82,0.0
SPX,2026-01-28 14:31:00-06:00,6978.71,6978.71,6976.44,6976.56,0.0
SPX,2026-01-28 14:32:00-06:00,6976.69,6977.38,6976.46,6977.38,0.0
SPX,2026-01-28 14:33:00-06:00,6977.41,6977.65,6976.53,6976.57,0.0
SPX,2026-01-28 14:34:00-06:00,6976.49,6976.75,6974.96,6974.96,0.0
SPX,2026-01-28 14:35:00-06:00,6974.89,6978.69,6974.2,6978.56,0.0
SPX,2026-01-28 14:36:00-06:00,6978.44,6979.37,6977.56,6977.76,0.0
SPX,2026-01-28 14:37:00-06:00,6977.91,6979.61,6977.67,6978.08,0.0
SPX,2026-01-28 14:38:00-06:00,6977.95,6977.95,6975.58,6976.02,0.0
SPX,2026-01-28 14:39:00-06:00,6976.08,6978.33,6975.71,6978.33,0.0
SPX,2026-01-28 14:40:00-06:00,6978.3,6978.71,6977.25,6977.43,0.0
SPX,2026-01-28 14:41:00-06:00,6977.33,6977.34,6975.54,6976.01,0.0
SPX,2026-01-28 14:42:00-06:00,6976.04,6976.2,6974.49,6975.23,0.0
SPX,2026-01-28 14:43:00-06:00,6975.38,6976.06,6974.67,6974.98,0.0
SPX,2026-01-28 14:44:00-06:00,6975.15,6975.3,6974.57,6974.73,0.0
SPX,2026-01-28 14:45:00-06:00,6974.69,6975.98,6974.4,6975.39,0.0
SPX,2026-01-28 14:46:00-06:00,6975.55,6976.04,6974.89,6974.97,0.0
SPX,2026-01-28 14:47:00-06:00,6974.99,6976.92,6974.54,6976.69,0.0
SPX,2026-01-28 14:48:00-06:00,6976.56,6977.66,6976.52,6976.52,0.0
SPX,2026-01-28 14:49:00-06:00,6976.34,6978.03,6973.06,6973.18,0.0
SPX,2026-01-28 14:50:00-06:00,6973.13,6978.37,6971.23,6978.37,0.0
SPX,2026-01-28 14:51:00-06:00,6978.54,6979.95,6978.5,6979.95,0.0
SPX,2026-01-28 14:52:00-06:00,6979.74,6980.41,6978.54,6980.39,0.0
SPX,2026-01-28 14:53:00-06:00,6980.31,6982.38,6980.05,6982.02,0.0
SPX,2026-01-28 14:54:00-06:00,6981.74,6982.51,6980.13,6980.16,0.0
SPX,2026-01-28 14:55:00-06:00,6980.28,6983.07,6978.96,6982.96,0.0
SPX,2026-01-28 14:56:00-06:00,6982.91,6983.15,6981.5,6981.5,0.0
SPX,2026-01-28 14:57:00-06:00,6981.35,6982.72,6981.35,6982.36,0.0
SPX,2026-01-28 14:58:00-06:00,6982.19,6982.9,6981.0,6982.77,0.0
SPX,2026-01-28 14:59:00-06:00,6982.93,6984.08,6975.99,6976.28,0.0
